{
  "data": {
    "training": {
      "num_samples": 14922,
      "num_batches": 234
    },
    "validation": {
      "num_samples": 1657,
      "num_batches": 26
    },
    "testing": {
      "num_samples": 873,
      "num_batches": 14
    }
  },
  "hyperparameters": {
    "epochs": 100,
    "learning_rate": 0.005,
    "batch_size": 64,
    "optimizer": "SGD"
  },
  "device": {
    "type": "gpu",
    "parallel": true,
    "devices": [
      {
        "id": 0,
        "device_name": "Tesla V100-SXM2-32GB",
        "total_memory (MB)": 32480.5
      },
      {
        "id": 1,
        "device_name": "Tesla V100-SXM2-32GB",
        "total_memory (MB)": 32480.5
      },
      {
        "id": 2,
        "device_name": "Tesla V100-SXM2-32GB",
        "total_memory (MB)": 32480.5
      }
    ]
  },
  "metrics": {
    "training_loss": 0.01729442890807779,
    "training_accuracy": 0.994973864093285,
    "validation_loss": 1.8219858901502142,
    "validation_accuracy": 0.7103198550879848,
    "test_loss": 1.1715144010480463,
    "test_accuracy": 0.5922107670588456,
    "runtime (secs)": 2175.769871234894
  },
  "training_history": [
    [
      2.169315214563576,
      2.106321629372863,
      0.2709422329526343,
      0.2951116471241667
    ],
    [
      2.073675317173748,
      2.0524749460893723,
      0.29185095832456837,
      0.309595654887756
    ],
    [
      1.9509137227218571,
      1.861556652805211,
      0.3266988339444585,
      0.3578756787759681
    ],
    [
      1.7671364894294816,
      1.6838136774700811,
      0.3763570566988074,
      0.4146047074102679
    ],
    [
      1.675128138236299,
      1.6319946647050083,
      0.40282803913684495,
      0.4284852146023213
    ],
    [
      1.6016480908319084,
      1.5721567042563145,
      0.4201179466599387,
      0.43814121890873814
    ],
    [
      1.540643192411284,
      1.5179939871461692,
      0.43874815708749526,
      0.4622812309967299
    ],
    [
      1.4786835594769059,
      1.468843856703897,
      0.46729660903763603,
      0.4809897406027845
    ],
    [
      1.419815338116487,
      1.4205049128869103,
      0.4894116070151984,
      0.49245624633603735
    ],
    [
      1.354079303145808,
      1.3732017172915287,
      0.510186302088298,
      0.5141822574688285
    ],
    [
      1.3029049380329527,
      1.3274535665903453,
      0.5321672698029755,
      0.5340977674265834
    ],
    [
      1.2501980969196764,
      1.2871810648911821,
      0.5532100254737441,
      0.544357272304536
    ],
    [
      1.1958804893327484,
      1.2531389500192656,
      0.5746548720010722,
      0.5666867837390773
    ],
    [
      1.1232161685922257,
      1.2033347050396879,
      0.6031363088057901,
      0.5751357872081796
    ],
    [
      1.0816852196765447,
      1.176217931613335,
      0.6154000804021968,
      0.5872057932431826
    ],
    [
      1.0162133303584626,
      1.1484021882947555,
      0.6409328508242863,
      0.5920337954053838
    ],
    [
      0.9742577323272391,
      1.1296387818036628,
      0.6554081222356253,
      0.6053108027992871
    ],
    [
      0.9143088669515522,
      1.1198118974735165,
      0.6767859536255194,
      0.6041038014403869
    ],
    [
      0.8594092705367302,
      1.0866216770769532,
      0.6982978153062592,
      0.6197948092858908
    ],
    [
      0.8307040624481282,
      1.0669482352147996,
      0.7135102533172497,
      0.6270368134104924
    ],
    [
      0.7732803704612273,
      1.055059675358834,
      0.7323415091810749,
      0.6397103207904169
    ],
    [
      0.733138302028291,
      1.054147618681678,
      0.7463476745744538,
      0.636692817483095
    ],
    [
      0.6786500412220331,
      1.0485828989733395,
      0.7683286422731538,
      0.6427278222991676
    ],
    [
      0.649286839903807,
      1.0640774577514336,
      0.779654201849618,
      0.640313820840367
    ],
    [
      0.6327281443687023,
      1.0600926711319008,
      0.7858866103739445,
      0.6421243214938176
    ],
    [
      0.569598652597683,
      1.0519442220876645,
      0.8071974266184158,
      0.6427278207523965
    ],
    [
      0.5256273287612517,
      1.0509898433069471,
      0.8256265916097038,
      0.6523838268753701
    ],
    [
      0.49273767622781656,
      1.0573291985759838,
      0.8410400750569629,
      0.6686783350226242
    ],
    [
      0.4656094044082205,
      1.0755133001503632,
      0.8470714381450207,
      0.6584188301446715
    ],
    [
      0.42136516738496993,
      1.0916725140993466,
      0.859871330920788,
      0.6596258307481718
    ],
    [
      0.38476431904983033,
      1.0847358208646527,
      0.8717330116606353,
      0.6644538326585732
    ],
    [
      0.3621901734043601,
      1.0868599568783122,
      0.877362283876156,
      0.6662643335638236
    ],
    [
      0.31978240929919666,
      1.1239495913379511,
      0.8972657820667471,
      0.6753168378382759
    ],
    [
      0.30859593968978755,
      1.140186017150971,
      0.9017557968100791,
      0.6650573334998946
    ],
    [
      0.29780008361160937,
      1.1562331936484587,
      0.9026940088459992,
      0.6741098377383755
    ],
    [
      0.27685472543749917,
      1.1856376506797361,
      0.9091274628065943,
      0.6765238384417762
    ],
    [
      0.2786473085822284,
      1.227097270570754,
      0.9104677657150516,
      0.6620398317033725
    ],
    [
      0.24877573446490306,
      1.2105562086916861,
      0.9187776437474869,
      0.6795413396987271
    ],
    [
      0.2286792825780771,
      1.22490531763688,
      0.9234687039270876,
      0.6771273387435264
    ],
    [
      0.20931242166105818,
      1.2379169148282252,
      0.9296340973059911,
      0.6819553409057276
    ],
    [
      0.20770364843988778,
      1.3210754734820893,
      0.9329178394317116,
      0.6765238384417762
    ],
    [
      0.21756385810994788,
      1.3469248808646102,
      0.9299021578876826,
      0.6704888361796746
    ],
    [
      0.22667235093690927,
      1.3265150968180985,
      0.9274225975070366,
      0.6807483395108561
    ],
    [
      0.18170005507290915,
      1.3676705973365613,
      0.9403565205736496,
      0.6825588422146776
    ],
    [
      0.1683881497785757,
      1.3710852155645137,
      0.9469910199705134,
      0.6861798435215786
    ],
    [
      0.14667300113227927,
      1.417735106770936,
      0.952151186168074,
      0.6729028371348752
    ],
    [
      0.14117548804774224,
      1.3699999798761482,
      0.9553679131483716,
      0.6958358470546099
    ],
    [
      0.13680085955642543,
      1.432970001097537,
      0.9544297011124514,
      0.6922148460354802
    ],
    [
      0.1314926978139416,
      1.4499515118049295,
      0.9580485189652862,
      0.6916113457337301
    ],
    [
      0.1394918280813518,
      1.4432760452605473,
      0.9551668677121029,
      0.6982498482616104
    ],
    [
      0.13206251649239178,
      1.4025702173622099,
      0.9574453826564804,
      0.700060350461832
    ],
    [
      0.10306701038945384,
      1.4893758413513958,
      0.96609033641603,
      0.6922148467908801
    ],
    [
      0.09943600182492718,
      1.4675191535097905,
      0.9676316847607559,
      0.7030778522223827
    ],
    [
      0.09197289608803404,
      1.482319400263034,
      0.9711164723227449,
      0.7073023540828339
    ],
    [
      0.08539692511300973,
      1.5465551052887754,
      0.9709824420318992,
      0.6976463490030315
    ],
    [
      0.1024752719810402,
      1.5191089180340303,
      0.9654201849618014,
      0.6946288472424809
    ],
    [
      0.09082763445272896,
      1.5581354081235022,
      0.9713175177590135,
      0.7006638510153822
    ],
    [
      0.08104830359568978,
      1.5699543417687147,
      0.9754054416298084,
      0.6958358480977811
    ],
    [
      0.07112747580190913,
      1.6990317898337641,
      0.976544699101997,
      0.6861798435215786
    ],
    [
