{
  "data": {
    "training": {
      "num_samples": 14922,
      "num_batches": 234
    },
    "validation": {
      "num_samples": 1657,
      "num_batches": 26
    },
    "testing": {
      "num_samples": 873,
      "num_batches": 14
    }
  },
  "hyperparameters": {
    "epochs": 100,
    "learning_rate": 0.005,
    "batch_size": 64,
    "optimizer": "SGD"
  },
  "device": {
    "type": "gpu",
    "parallel": true,
    "devices": [
      {
        "id": 0,
        "device_name": "Tesla V100-SXM2-32GB",
        "total_memory (MB)": 32480.5
      },
      {
        "id": 1,
        "device_name": "Tesla V100-SXM2-32GB",
        "total_memory (MB)": 32480.5
      },
      {
        "id": 2,
        "device_name": "Tesla V100-SXM2-32GB",
        "total_memory (MB)": 32480.5
      }
    ]
  },
  "metrics": {
    "training_loss": 0.014486534827804601,
    "training_accuracy": 0.9957780458383595,
    "validation_loss": 1.875273149921438,
    "validation_accuracy": 0.7254073623799385,
    "test_loss": 1.0938191263672958,
    "test_accuracy": 0.6403207326945843,
    "runtime (secs)": 2193.0897212028503
  },
  "training_history": [
    [
      2.1617229147804853,
      2.0845270779885365,
      0.28414421659694444,
      0.28364514166069954
    ],
    [
      2.0824175400894362,
      2.0258095014073723,
      0.28890229192196787,
      0.29993964980795357
    ],
    [
      1.9732429024809217,
      1.8691725381973212,
      0.32455434928293797,
      0.3566686779206678
    ],
    [
      1.7879320605001539,
      1.6731581192960492,
      0.3702586784653267,
      0.4290887144004716
    ],
    [
      1.6907948970698812,
      1.6040872036151737,
      0.3900281463610776,
      0.4520217269101485
    ],
    [
      1.6255056285423561,
      1.5486187290267621,
      0.4120091140757552,
      0.47495473760326873
    ],
    [
      1.5705262236421955,
      1.500286298339167,
      0.4295000670151454,
      0.48702474389007167
    ],
    [
      1.5124659148733797,
      1.4501587820110655,
      0.45208417103063997,
      0.4972842495414099
    ],
    [
      1.459362976753333,
      1.4017515734296717,
      0.46944109370315096,
      0.5178032592973151
    ],
    [
      1.3934269748860815,
      1.3529446807048662,
      0.49584506099177117,
      0.5310802659358184
    ],
    [
      1.330422321076592,
      1.3106053484155245,
      0.5178260286665046,
      0.5473747733276726
    ],
    [
      1.2744335495919137,
      1.2674902913508532,
      0.5414153598793198,
      0.5630657809213766
    ],
    [
      1.2117528725231226,
      1.2330106832064558,
      0.5631952821177846,
      0.5902232942483334
    ],
    [
      1.166609958850767,
      1.2037890837288938,
      0.5820935531270327,
      0.6022933002833365
    ],
    [
      1.1171599350047805,
      1.187464015053638,
      0.5983782334887555,
      0.600482799378086
    ],
    [
      1.0582885867492264,
      1.1707920822740392,
      0.622771746398712,
      0.5962582975176349
    ],
    [
      0.9959566097463396,
      1.1420389677504135,
      0.645556895858464,
      0.6113458066081597
    ],
    [
      0.9652216087484021,
      1.1221793048987565,
      0.6582227583433856,
      0.6191913105309117
    ],
    [
      0.9042347388913973,
      1.10568999823275,
      0.6770540141912331,
      0.6306578157605647
    ],
    [
      0.84635570892986,
      1.1154290352086382,
      0.7001072242326766,
      0.6294508156606643
    ],
    [
      0.8063641434907114,
      1.101745204171576,
      0.7143144350623241,
      0.6403138210921671
    ],
    [
      0.7480642514336031,
      1.1061168818424896,
      0.7397131751616125,
      0.6427278217955678
    ],
    [
      0.7215255799116246,
      1.0970315659844738,
      0.7496314167001742,
      0.6457453220093473
    ],
    [
      0.6825128441723681,
      1.077209420209918,
      0.7594826430773355,
      0.6541943277806206
    ],
    [
      0.6403983875034626,
      1.0708456393387495,
      0.7823348076665326,
      0.6578153280443504
    ],
    [
      0.6052887119835143,
      1.0734814874508616,
      0.7918509583006019,
      0.6590223296910218
    ],
    [
      0.5810156925611978,
      1.0726875508126539,
      0.8022383058571237,
      0.6620398317033725
    ],
    [
      0.5278801517949285,
      1.0864683234986585,
      0.8210025465755261,
      0.6632468323068728
    ],
    [
      0.4853538070740337,
      1.0917570728743444,
      0.8304516820801501,
      0.6632468318032729
    ],
    [
      0.439047910016434,
      1.1246249518195908,
      0.8533038466693472,
      0.6638503326086229
    ],
    [
      0.4117451600231492,
      1.1456361070913799,
      0.8606084975204397,
      0.6692818350725743
    ],
    [
      0.4106671716522332,
      1.1334356362012472,
      0.8636241790644685,
      0.6855763424644286
    ],
    [
      0.36725735076377464,
      1.1208871298693863,
      0.8779654201849618,
      0.6765238384417762
    ],
    [
      0.3328059892394786,
      1.1842847376180543,
      0.8872135102533173,
      0.6614363308980225
    ],
    [
      0.310263417486372,
      1.1499329355011954,
      0.893848009650181,
      0.6759203370968548
    ],
    [
      0.26930991381963754,
      1.210070994796707,
      0.9124112049323148,
      0.6819553419129274
    ],
    [
      0.2683915099066793,
      1.2156009633064846,
      0.9113389626055488,
      0.6916113464891299
    ],
    [
      0.2660480784820164,
      1.1944080667461194,
      0.9129473260956976,
      0.6934218468907805
    ],
    [
      0.23301454965110568,
      1.2610938125298408,
      0.9249430371263906,
      0.6885938447285792
    ],
    [
      0.2272924108745397,
      1.3312067707115869,
      0.9223294464548988,
      0.6922148462872801
    ],
    [
      0.19396763424057778,
      1.3529644859937853,
      0.9376759147567351,
      0.6813518408557775
    ],
    [
      0.1890866057736362,
      1.401660508395824,
      0.9366706875753921,
      0.6825588422146776
    ],
    [
      0.18002183259036775,
      1.3955785013065327,
      0.9429030960997186,
      0.6873868443768788
    ],
    [
      0.14641213178987714,
      1.4498192556090002,
      0.9553679131483716,
      0.6741098364434044
    ],
    [
      0.15031392650047512,
      1.4972483216816932,
      0.9516150650046911,
      0.6819553401143564
    ],
    [
      0.12263832377007372,
      1.5282418725716471,
      0.9609971853638922,
      0.6879903431318579
    ],
    [
      0.12357558214766678,
      1.510447358754146,
      0.9589197158557834,
      0.6891973437353582
    ],
    [
      0.1170439694429773,
      1.5173046852208507,
      0.9610642005093151,
      0.6867833425283576
    ],
    [
      0.13093243640992738,
      1.5094856656885465,
      0.9581825492561319,
      0.6946288479978806
    ],
    [
      0.12597690507691695,
      1.496027636830175,
      0.9599919581825492,
      0.6831623420128279
    ],
    [
      0.10936079814885862,
      1.5350017637535975,
      0.96609033641603,
      0.6952323482996308
    ],
    [
      0.09722418486939675,
      1.524949323217338,
      0.969106017960059,
      0.6910078456837798
    ],
    [
      0.11192564019375872,
      1.525148693020256,
      0.9638118214716526,
      0.6964393489031311
    ],
    [
      0.10140932504238538,
      1.551605422883848,
      0.9656882455434929,
      0.6940253469407307
    ],
    [
      0.08374222523883551,
      1.6250402364805656,
      0.9736630478488139,
      0.6904043458856296
    ],
    [
      0.09022051052023972,
      1.5950517966650881,
      0.9719876692132422,
      0.6910078461873798
    ],
    [
      0.06177436530534233,
      1.6807497902382693,
      0.9804985926819462,
      0.6964393486513312
    ],
    [
      0.05981447888099667,
      1.6826617294719008,
      0.9806326229727919,
      0.6891973455339292
    ],
    [
      0.09047818807002535,
      1.5741640848068854,
      0.9697761694142877,
      0.6946288474942808
    ],
    [
