{
  "data": {
    "training": {
      "num_samples": 14922,
      "num_batches": 234
    },
    "validation": {
      "num_samples": 1657,
      "num_batches": 26
    },
    "testing": {
      "num_samples": 873,
      "num_batches": 14
    }
  },
  "hyperparameters": {
    "epochs": 60,
    "learning_rate": 0.005,
    "batch_size": 64,
    "optimizer": "SGD"
  },
  "device": {
    "type": "gpu",
    "parallel": true,
    "devices": [
      {
        "id": 0,
        "device_name": "Tesla V100-SXM2-32GB",
        "total_memory (MB)": 32480.5
      },
      {
        "id": 1,
        "device_name": "Tesla V100-SXM2-32GB",
        "total_memory (MB)": 32480.5
      },
      {
        "id": 2,
        "device_name": "Tesla V100-SXM2-32GB",
        "total_memory (MB)": 32480.5
      }
    ]
  },
  "metrics": {
    "training_loss": 0.06726677442360719,
    "training_accuracy": 0.9769467899745342,
    "validation_loss": 1.6168946038547163,
    "validation_accuracy": 0.7024743519206326,
    "test_loss": 1.2085236155290375,
    "test_accuracy": 0.6300114560509602,
    "runtime (secs)": 2632.223433494568
  },
  "training_history": [
    [
      2.1645451271091387,
      2.102186174513564,
      0.27858195952684656,
      0.2830416416107493
    ],
    [
      2.077481516547408,
      2.02267640062895,
      0.2946655944283343,
      0.29269764593515185
    ],
    [
      1.9609021314777682,
      1.8339659654022198,
      0.32495644015547515,
      0.3590826791456541
    ],
    [
      1.7781516013971812,
      1.6537872527691708,
      0.3743466023321271,
      0.40132770104155024
    ],
    [
      1.6818221480417246,
      1.5823949666791604,
      0.4014207210749759,
      0.42607121393489206
    ],
    [
      1.6252224290359756,
      1.5257292098141464,
      0.4108698565955776,
      0.4526252269600987
    ],
    [
      1.5559626751555753,
      1.467396208875929,
      0.44042353572706133,
      0.4701267359626531
    ],
    [
      1.4949304424570802,
      1.4137949892463062,
      0.46508510923468704,
      0.48702474415985736
    ],
    [
      1.4360137677451525,
      1.3612334596585565,
      0.48150381984731144,
      0.5196137604543655
    ],
    [
      1.38507960207292,
      1.3199893725371605,
      0.5037528481516693,
      0.5316837667411685
    ],
    [
      1.3353173662216218,
      1.2848561140306758,
      0.5237903766171285,
      0.5395292706639204
    ],
    [
      1.286660870379632,
      1.2447801096725695,
      0.5429567082160568,
      0.5558237780557747
    ],
    [
      1.2298667030477632,
      1.1989152734367403,
      0.5643345395899733,
      0.5739287863528794
    ],
    [
      1.1666261070959532,
      1.1797261829468308,
      0.5836349014877362,
      0.5908267948018835
    ],
    [
      1.0985834201616347,
      1.1391506150463797,
      0.612183353437877,
      0.5944477966123844
    ],
    [
      1.0367954800502335,
      1.1187323494423709,
      0.6391904570432918,
      0.5938442965624342
    ],
    [
      0.9962955545047352,
      1.1009086437374982,
      0.6504490014743332,
      0.6022933002833365
    ],
    [
      0.9322905877614817,
      1.0790760423594667,
      0.6751775901353706,
      0.6167773075253401
    ],
    [
      0.8840519286489426,
      1.0606044049570915,
      0.6907251038734754,
      0.6234158108445917
    ],
    [
      0.8658144889748172,
      1.0505237730425672,
      0.6984988607425278,
      0.6348823173332444
    ],
    [
      0.7906088443984017,
      1.0389453103618587,
      0.7226243130947594,
      0.6415208201488962
    ],
    [
      0.7438640127295768,
      1.0346156353682874,
      0.7405173569226645,
      0.6469523226128476
    ],
    [
      0.712088784107317,
      1.0474130330347626,
      0.754724567752312,
      0.6547978265355996
    ],
    [
      0.6651825659434392,
      1.0416764874881337,
      0.7715453692534513,
      0.6535908259320993
    ],
    [
      0.6183808949456316,
      1.039832104166085,
      0.7842112317383729,
      0.6590223301946218
    ],
    [
      0.5648941578938429,
      1.020144797335494,
      0.8052539874011526,
      0.6584188296410717
    ],
    [
      0.5180708982081376,
      1.034915377234722,
      0.8262967430639324,
      0.6771273379521551
    ],
    [
      0.4912226804697005,
      1.0214182270098395,
      0.8309207880981102,
      0.6753168385936758
    ],
    [
      0.4579756046781278,
      1.0369529709013097,
      0.8449939686369119,
      0.6729028355881042
    ],
    [
      0.4326231325939103,
      1.0614397612118764,
      0.8552472858866104,
      0.6783343395988266
    ],
    [
      0.4076053170796727,
      1.0437033684338586,
      0.861881785283474,
      0.6904043461374295
    ],
    [
      0.3879300937657389,
      1.071518578799863,
      0.8682482240986463,
      0.6873868441250789
    ],
    [
      0.35780910419225553,
      1.1111352855208125,
      0.884331859000134,
      0.6783343383038555
    ],
    [
      0.3200573021983644,
      1.1276120187722565,
      0.8909663583969977,
      0.6916113467409298
    ],
    [
      0.292276614058262,
      1.1330886533912148,
      0.9036322208819193,
      0.6825588422146776
    ],
    [
      0.2769249112848262,
      1.1506261571603291,
      0.9083232810615199,
      0.7036813527759329
    ],
    [
      0.2452594922032772,
      1.1449168055044576,
      0.9185095831657955,
      0.6970428492048812
    ],
    [
      0.24018430363123738,
      1.1728127148040606,
      0.9215922798552473,
      0.7054918529257834
    ],
    [
      0.2258776305204677,
      1.2106557824774256,
      0.9256131885806193,
      0.69161134623733
    ],
    [
      0.21583641677864063,
      1.2810076036292095,
      0.9319796273957914,
      0.6928183468408302
    ],
    [
      0.20097984780007347,
      1.2824047314667457,
      0.9360675512665863,
      0.6976463490030315
    ],
    [
      0.16796219145990463,
      1.32353766919909,
      0.9428360809542957,
      0.6940253474443305
    ],
    [
      0.17904296330032557,
      1.2943789988450423,
      0.9408256265916097,
      0.6994568504118819
    ],
    [
      0.15794264568815627,
      1.3208240617379123,
      0.9475271411338962,
      0.7066988535292837
    ],
    [
      0.15415732887081854,
      1.2955544280516649,
      0.9490684894786222,
      0.7006638512671821
    ],
    [
      0.14392212005709554,
      1.3540529440739966,
      0.952151186168074,
      0.6994568506636818
    ],
    [
      0.13045916452179232,
      1.3937738379154423,
      0.9576464280927489,
      0.6994568491169108
    ],
    [
      0.11900326809731698,
      1.4099605898577978,
      0.9599919581825492,
      0.700663849468611
    ],
    [
      0.11301740911718432,
      1.4532256039352969,
      0.9624045034177724,
      0.6976463492548315
    ],
    [
      0.0969704344674931,
      1.502661109042585,
      0.9689719876692132,
      0.7042848525740831
    ],
    [
      0.11263649252109305,
      1.4147054982890404,
      0.9631416700174239,
      0.700060350461832
    ],
    [
      0.09338312215514888,
      1.4576938432890316,
      0.9694410936871733,
      0.6988533498583318
    ],
    [
      0.100469148841273,
      1.454399809538059,
      0.96562123039807,
      0.7091128552398843
    ],
    [
      0.08408163386653221,
      1.5143875214588807,
      0.972054684358665,
      0.6988533498583318
    ],
    [
      0.08407241827424482,
      1.501651939312665,
      0.9723897600857794,
      0.7103198558433845
    ],
    [
      0.08456549769615203,
      1.4858212847988794,
      0.9733949872511447,
      0.7042848520704832
    ],
    [
      0.11956515438099141,
      1.4191150970320854,
      0.9616673368181209,
      0.7097163552898345
    ],
    [
      0.08256934673660567,
      1.5078580717617442,
      0.9750033507572712,
      0.7079058541327841
    ],
    [
      0.09009547256589368,
      1.5076746970109358,
      0.9714515480498592,
      0.7091128549880843
    ],
    [
