{
  "data": {
    "training": {
      "num_samples": 14922,
      "num_batches": 234
    },
    "validation": {
      "num_samples": 1657,
      "num_batches": 26
    },
    "testing": {
      "num_samples": 873,
      "num_batches": 14
    }
  },
  "hyperparameters": {
    "epochs": 60,
    "learning_rate": 0.005,
    "batch_size": 64,
    "optimizer": "SGD"
  },
  "device": {
    "type": "gpu",
    "parallel": true,
    "devices": [
      {
        "id": 0,
        "device_name": "Tesla V100-SXM2-32GB",
        "total_memory (MB)": 32480.5
      },
      {
        "id": 1,
        "device_name": "Tesla V100-SXM2-32GB",
        "total_memory (MB)": 32480.5
      },
      {
        "id": 2,
        "device_name": "Tesla V100-SXM2-32GB",
        "total_memory (MB)": 32480.5
      }
    ]
  },
  "metrics": {
    "training_loss": 0.001065103150679493,
    "training_accuracy": 0.9997319394183085,
    "validation_loss": 0.3674844265271902,
    "validation_accuracy": 0.9342184663178623,
    "test_loss": 0.28588742980432674,
    "test_accuracy": 0.886597939100189,
    "runtime (secs)": 1557.0981178283691
  },
  "training_history": [
    [
      0.685079099081937,
      0.6761999096076173,
      0.5440959656802568,
      0.5829812918863314
    ],
    [
      0.6480825983108712,
      0.6171833279986085,
      0.6226377161398217,
      0.6554013283841208
    ],
    [
      0.6095965044889257,
      0.566290521341127,
      0.6644551668597233,
      0.704888352084462
    ],
    [
      0.5417727679553452,
      0.4943165390982136,
      0.7225572979413477,
      0.7622208810384977
    ],
    [
      0.484126508705275,
      0.4305057674196735,
      0.767591475681491,
      0.8026554007521579
    ],
    [
      0.43098760597061303,
      0.37967298641648,
      0.7990215788608485,
      0.8280024131738644
    ],
    [
      0.3877565476765279,
      0.33901329557076954,
      0.8230130009382121,
      0.8551599285511922
    ],
    [
      0.3497590472880037,
      0.30560199435245006,
      0.845932180672832,
      0.8678334341325454
    ],
    [
      0.3123249884276899,
      0.28396503993309474,
      0.8685832998257607,
      0.8756789375516976
    ],
    [
      0.28339568698710593,
      0.2715608004748138,
      0.880377965420185,
      0.8847314420779498
    ],
    [
      0.2585763687610171,
      0.2545772844686088,
      0.894853236831524,
      0.8871454430331505
    ],
    [
      0.2373500090692082,
      0.2516131801064214,
      0.9050395389357995,
      0.8980084487164531
    ],
    [
      0.21413660607807614,
      0.231261360767597,
      0.9128803109502748,
      0.9010259502252039
    ],
    [
      0.19886242869590814,
      0.22789785864846707,
      0.9205200375284814,
      0.9052504523374549
    ],
    [
      0.18620088285454603,
      0.21482982031897602,
      0.9277576732341509,
      0.9143029566119073
    ],
    [
      0.1724136146281008,
      0.22021988625978228,
      0.9330518697225573,
      0.9118889559085066
    ],
    [
      0.15846780799414162,
      0.20844265816797314,
      0.9403565205736496,
      0.9124924557066568
    ],
    [
      0.14216185832837283,
      0.20916779106398556,
      0.9462538533708618,
      0.9149064571654574
    ],
    [
      0.14219916502787472,
      0.20080682692861584,
      0.9464548988071304,
      0.9185274589759582
    ],
    [
      0.1268807943121963,
      0.21020645214335776,
      0.952151186168074,
      0.9179239584224081
    ],
    [
      0.09824420508302348,
      0.21997101530297808,
      0.9638118214716526,
      0.9106819548014063
    ],
    [
      0.09659149205443698,
      0.2194660758137631,
      0.9648170486529956,
      0.9124924559584567
    ],
    [
      0.0875089664817068,
      0.24043675564683628,
      0.9671625787427959,
      0.9124924557066568
    ],
    [
      0.07933746355172207,
      0.2190890957522119,
      0.9718536389223965,
      0.9203379596294088
    ],
    [
      0.06827422721250785,
      0.2215995254488544,
      0.9752043961935397,
      0.9197344593276586
    ],
    [
      0.06998993139019972,
      0.22613095670632735,
      0.9747352901755797,
      0.9185274589759582
    ],
    [
      0.060993985593838965,
      0.25088212500153784,
      0.9786891837555287,
      0.9215449602329091
    ],
    [
      0.04993026734459204,
      0.25987196983022004,
      0.9826430773354778,
      0.9197344593276586
    ],
    [
      0.05413505089473124,
      0.25557300874679006,
      0.982039941026672,
      0.9245624614898599
    ],
    [
      0.04355481283355621,
      0.26298922712211514,
      0.9839163650985122,
      0.9221484602828592
    ],
    [
      0.04838297269958042,
      0.26052285157993893,
      0.9831121833534379,
      0.92516596179161
    ],
    [
      0.044683557695144586,
      0.28251503398063027,
      0.9851226377161239,
      0.9197344590758587
    ],
    [
      0.05522526297932362,
      0.25656461077205517,
      0.9814368047178662,
      0.920941459931159
    ],
    [
      0.041063549435150636,
      0.26825195441205746,
      0.9867310012062727,
      0.9257694620933602
    ],
    [
      0.04333674027318615,
      0.25162266398958216,
      0.9853906982978153,
      0.9239589611881097
    ],
    [
      0.033027749992473904,
      0.2888234014351395,
      0.98900951615065,
      0.9179239581706082
    ],
    [
      0.03630816629728171,
      0.29111352287722986,
      0.9881383192601528,
      0.9197344593276586
    ],
    [
      0.03099773234040276,
      0.26917948317081725,
      0.9899477281865702,
      0.9257694623451601
    ],
    [
      0.024654820902868975,
      0.28541689407918996,
      0.9923602734217933,
      0.9221484607864592
    ],
    [
      0.014953777435685175,
      0.29761729433943723,
      0.9963141670017424,
      0.9299939642056112
    ],
    [
      0.011155800770840503,
      0.3230397557737458,
      0.9970513336013939,
      0.9275799629986107
    ],
    [
      0.027406699503127237,
      0.2595604975394765,
      0.991019970513336,
      0.9305974645073614
    ],
    [
      0.013549741080444658,
      0.29585962573951025,
      0.9961131215654738,
      0.9312009648091115
    ],
    [
      0.008838317466479497,
      0.3014960744039942,
      0.9977214850556225,
      0.9348219666196125
    ],
    [
      0.006386144617218858,
      0.3149261791157881,
      0.9983246213644283,
      0.9336149660161122
    ],
    [
      0.00462686874131974,
      0.3297370179417483,
      0.9987937273823885,
      0.9366324675248628
    ],
    [
      0.0042577080090093235,
      0.33991228246372296,
      0.9991288031095027,
      0.9384429684301133
    ],
    [
      0.0033617977593514772,
      0.3304240992433275,
      0.9993968636911942,
      0.9384429684301133
    ],
    [
      0.003087523834836623,
      0.3354674041379124,
      0.9992628334003485,
      0.9414604699388641
    ],
    [
      0.007475874456257528,
      0.3220598404495271,
      0.9975874547647768,
      0.9348219666196125
    ],
    [
      0.006345978076871463,
      0.3331563882462289,
      0.9981235759281598,
      0.933011465714362
    ],
    [
      0.003965792435776628,
      0.3420122926610741,
      0.9987937273823885,
      0.9336149660161122
    ],
    [
      0.0027418771229010047,
      0.3371759335463782,
      0.9992628334003485,
      0.933011465714362
    ],
    [
      0.001991634921088168,
      0.34795633514170626,
      0.9996649242728857,
      0.9354254669213626
    ],
    [
      0.0021557369735193347,
      0.3390346952209864,
      0.9996649242728857,
      0.9305974645073614
    ],
    [
      0.0015363873225586959,
      0.3520949444788079,
      0.9997319394183085,
      0.9324079654126118
    ],
    [
      0.0020207040448350522,
      0.3416820875333603,
      0.99953089398204,
      0.9360289672231128
    ],
    [
      0.0013838373788670774,
      0.3566615522519321,
      0.9995979091274628,
      0.9360289672231128
    ],
    [
      0.0015702721996208619,
