{
  "data": {
    "training": {
      "num_samples": 14922,
      "num_batches": 234
    },
    "validation": {
      "num_samples": 1657,
      "num_batches": 26
    },
    "testing": {
      "num_samples": 873,
      "num_batches": 14
    }
  },
  "hyperparameters": {
    "epochs": 100,
    "learning_rate": 0.005,
    "batch_size": 64,
    "optimizer": "SGD"
  },
  "device": {
    "type": "gpu",
    "parallel": true,
    "devices": [
      {
        "id": 0,
        "device_name": "Tesla V100-SXM2-32GB",
        "total_memory (MB)": 32480.5
      },
      {
        "id": 1,
        "device_name": "Tesla V100-SXM2-32GB",
        "total_memory (MB)": 32480.5
      },
      {
        "id": 2,
        "device_name": "Tesla V100-SXM2-32GB",
        "total_memory (MB)": 32480.5
      }
    ]
  },
  "metrics": {
    "training_loss": 0.0010204739871641586,
    "training_accuracy": 0.9998659697091543,
    "validation_loss": 0.39775496883139094,
    "validation_accuracy": 0.924562463036631,
    "test_loss": 0.3121712731297756,
    "test_accuracy": 0.8636884294697782,
    "runtime (secs)": 2172.7216527462006
  },
  "training_history": [
    [
      0.6744486479061952,
      0.6605037572733523,
      0.5806192199357184,
      0.6041038016921868
    ],
    [
      0.6358355746649814,
      0.6101289428208488,
      0.63449939687168,
      0.6608328310998722
    ],
    [
      0.5804969603319363,
      0.5553109155553037,
      0.6861680739687429,
      0.7139408566466857
    ],
    [
      0.5196881252948248,
      0.4848453863852702,
      0.7385069025599785,
      0.7718768869096714
    ],
    [
      0.45497081633380104,
      0.41364172985917774,
      0.7872939284278246,
      0.8141219070249821
    ],
    [
      0.3941346482710678,
      0.36490957247397954,
      0.8227449403565206,
      0.8424864209554392
    ],
    [
      0.35273825800334174,
      0.3365380245299676,
      0.8443238171667057,
      0.8467109228158903
    ],
    [
      0.3156765329184313,
      0.3129371731448188,
      0.8672429969013257,
      0.8617984303596441
    ],
    [
      0.2871515580653074,
      0.2913190305916459,
      0.8776973596032703,
      0.8780929382550983
    ],
    [
      0.2600236074126944,
      0.2793269117571319,
      0.8914354644149578,
      0.8792999388585986
    ],
    [
      0.2344694182220804,
      0.2677807214573772,
      0.903833266318188,
      0.8835244427694207
    ],
    [
      0.2215947097302434,
      0.2650743954301816,
      0.9110038868784345,
      0.8853349436746711
    ],
    [
      0.1942997443394988,
      0.25542320178874517,
      0.9218603404369388,
      0.8883524433848509
    ],
    [
      0.174842978814299,
      0.25258298177782423,
      0.9337890363222088,
      0.8877489433349006
    ],
    [
      0.15265551151505802,
      0.2517657900475276,
      0.9411607023187241,
      0.8974049497096741
    ],
    [
      0.14118748503009296,
      0.24689122201738836,
      0.9463878836617076,
      0.9040434530289257
    ],
    [
      0.1365700666729654,
      0.23535807353405616,
      0.9479962471518564,
      0.9034399527271757
    ],
    [
      0.11881326204693828,
      0.2531792466170686,
      0.9553679131483716,
      0.896801449407924
    ],
    [
      0.12334547892353671,
      0.23107559095863556,
      0.9533574587856856,
      0.9088714551911271
    ],
    [
      0.11759540081158232,
      0.2360185074317002,
      0.9559040343117544,
      0.9058539521356052
    ],
    [
      0.1009894395032402,
      0.25238928427232915,
      0.9638788366170754,
      0.9052504536324261
    ],
    [
      0.103613300371996,
      0.24623011260343447,
      0.9616673368181209,
      0.9040434530289257
    ],
    [
      0.10214888655687056,
      0.2520762314333136,
      0.9617343519635437,
      0.9064574542359264
    ],
    [
      0.07744463792100954,
      0.24628001695198687,
      0.9739981235759282,
      0.9136994578569282
    ],
    [
      0.06978689109558416,
      0.263166655518236,
      0.9766787293928428,
      0.9082679551411769
    ],
    [
      0.06775252739331217,
      0.23457450950692488,
      0.9752043961935397,
      0.92094146147793
    ],
    [
      0.05648334924921589,
      0.2703182225081312,
      0.9817048652995577,
      0.9185274600191294
    ],
    [
      0.047691088062463284,
      0.28181913618265897,
      0.9856587588795067,
      0.9149064584604285
    ],
    [
      0.03784726418910161,
      0.2858628606267485,
      0.9882723495509985,
      0.9167169575671079
    ],
    [
      0.04721975408826134,
      0.2686235209006319,
      0.9838493499530894,
      0.9197344606226298
    ],
    [
      0.0330830923179222,
      0.2960235633329231,
      0.9889425010052272,
      0.9191309605726796
    ],
    [
      0.045489713056272627,
      0.29815047022515057,
      0.985055622570701,
      0.9155099587621787
    ],
    [
      0.03660551158913157,
      0.2720470705536668,
      0.9886744404235357,
      0.9215449617796801
    ],
    [
      0.02089934973946175,
      0.3121617680744874,
      0.9945717732207479,
      0.9179239599691793
    ],
    [
      0.017537924115690346,
      0.32008880049475863,
      0.9953089398203994,
      0.9197344608744297
    ],
    [
      0.01745341273418682,
      0.3240213695965262,
      0.9945717732207479,
      0.9239589629866808
    ],
    [
      0.027012703813691537,
      0.32227094909856313,
      0.9918911674038333,
      0.9136994576051283
    ],
    [
      0.028222846371352507,
      0.3127897493923437,
      0.9906178796407988,
      0.9143029579068784
    ],
    [
      0.02169597606655491,
      0.3119491719667208,
      0.9932984854577135,
      0.9197344606226298
    ],
    [
      0.032576934188200735,
      0.3119850767957351,
      0.9884063798418442,
      0.9179239599691793
    ],
    [
      0.019662324288706304,
      0.33917770533404873,
      0.9939686369119421,
      0.9155099585103788
    ],
    [
      0.018037861137441873,
      0.3374359526041407,
      0.9947728186570165,
      0.9185274602709295
    ],
    [
      0.017335733600778287,
      0.3523831219470278,
      0.9941026672027878,
      0.913095957555178
    ],
    [
      0.007887750660298216,
      0.37579795072506045,
      0.997989545637314,
      0.9215449617796801
    ],
    [
      0.004937127749829155,
      0.39865946226545895,
      0.9991288031095027,
      0.9215449617796801
    ],
    [
      0.003699470726323266,
      0.40587997693719097,
      0.9992628334003485,
      0.9227519623831805
    ],
    [
      0.0031906455823133926,
      0.4117110671951027,
      0.999463878836617,
      0.9227519623831805
    ],
    [
      0.0031325291283504785,
      0.4181473206236338,
      0.9993968636911942,
      0.9227519623831805
    ],
    [
      0.002632717842742227,
      0.42460315987944386,
      0.9996649242728857,
      0.9215449617796801
    ],
    [
      0.0024048768072808635,
      0.42399178644081303,
      0.99953089398204,
      0.9227519621313806
    ],
    [
      0.003211038112000787,
      0.41046906028372304,
      0.9993298485457713,
      0.9185274602709295
    ],
    [
      0.0018817837764618186,
      0.41340516307084907,
      0.9995979091274628,
      0.9227519623831805
    ],
    [
      0.001229817594699758,
      0.4242758240301205,
      0.9997989545637314,
      0.9221484620814303
    ],
    [
      0.0011278224716782053,
      0.426225518399718,
      0.9997989545637314,
      0.9227519623831805
    ],
    [
      0.000972984863212494,
      0.42951609763526455,
      0.9997989545637314,
      0.9239589629866808
    ],
    [
      0.0013572588281354334,
      0.42419286648696203,
      0.9996649242728857,
      0.9227519623831805
    ],
    [
      0.0008616397518551374,
      0.4228900619745974,
      0.9999329848545772,
      0.9251659635901811
    ],
    [
      0.0008589177744556316,
      0.4398720120189416,
      0.9998659697091543,
      0.9227519623831805
    ],
    [
      0.0008177045059168785,
